"","metric","variable","value","year","month","raw_value","untrans_value"
"1","Revenue USD Mil","X2007.12",55285000000,"2007","12","55,285",55285
"2","Gross Margin %","X2007.12",NA,"2007","12","",NA
"3","Operating Income USD Mil","X2007.12",7587000000,"2007","12","7,587",7587
"4","Operating Margin %","X2007.12",0.137,"2007","12","13.7",13.7
"5","Net Income USD Mil","X2007.12",5797000000,"2007","12","5,797",5797
"6","Earnings Per Share USD","X2007.12",3.92,"2007","12","3.92",3.92
"7","Dividends USD","X2007.12",NA,"2007","12","",NA
"8","Payout Ratio % *","X2007.12",NA,"2007","12","",NA
"9","Shares Mil","X2007.12",1443000000,"2007","12","1,443",1443
"10","Book Value Per Share * USD","X2007.12",19.52,"2007","12","19.52",19.52
"11","Operating Cash Flow USD Mil","X2007.12",-1580000000,"2007","12","-1,580",-1580
"12","Cap Spending USD Mil","X2007.12",-338000000,"2007","12","-338",-338
"13","Free Cash Flow USD Mil","X2007.12",-1918000000,"2007","12","-1,918",-1918
"14","Free Cash Flow Per Share * USD","X2007.12",-1.33,"2007","12","-1.33",-1.33
"15","Working Capital USD Mil","X2007.12",NA,"2007","12","",NA
"16","Revenue","X2007.12",100,"2007","12","100.00",100
"17","COGS","X2007.12",NA,"2007","12","",NA
"18","Gross Margin","X2007.12",NA,"2007","12","",NA
"19","SG&A","X2007.12",12.08,"2007","12","12.08",12.08
"20","R&D","X2007.12",NA,"2007","12","",NA
"21","Other","X2007.12",74.2,"2007","12","74.20",74.2
"22","Operating Margin","X2007.12",13.72,"2007","12","13.72",13.72
"23","Net Int Inc & Other","X2007.12",NA,"2007","12","",NA
"24","EBT Margin","X2007.12",13.72,"2007","12","13.72",13.72
"25","Tax Rate %","X2007.12",0.2384,"2007","12","23.84",23.84
"26","Net Margin %","X2007.12",0.102,"2007","12","10.20",10.2
"27","Asset Turnover (Average)","X2007.12",0.14,"2007","12","0.14",0.14
"28","Return on Assets %","X2007.12",0.0147,"2007","12","1.47",1.47
"29","Financial Leverage (Average)","X2007.12",14.28,"2007","12","14.28",14.28
"30","Return on Equity %","X2007.12",0.2185,"2007","12","21.85",21.85
"31","Return on Invested Capital %","X2007.12",NA,"2007","12","",NA
"32","Interest Coverage","X2007.12",NA,"2007","12","",NA
"33","Year over Year","X2007.12",-15.13,"2007","12","-15.13",-15.13
"34","3-Year Average","X2007.12",-2.59,"2007","12","-2.59",-2.59
"35","5-Year Average","X2007.12",6.4,"2007","12","6.40",6.4
"36","10-Year Average","X2007.12",NA,"2007","12","",NA
"37","Year over Year","X2007.12",11.32,"2007","12","11.32",11.32
"38","3-Year Average","X2007.12",25.56,"2007","12","25.56",25.56
"39","5-Year Average","X2007.12",NA,"2007","12","",NA
"40","10-Year Average","X2007.12",NA,"2007","12","",NA
"41","Year over Year","X2007.12",23.42,"2007","12","23.42",23.42
"42","3-Year Average","X2007.12",30.19,"2007","12","30.19",30.19
"43","5-Year Average","X2007.12",NA,"2007","12","",NA
"44","10-Year Average","X2007.12",NA,"2007","12","",NA
"45","Year over Year","X2007.12",25.22,"2007","12","25.22",25.22
"46","3-Year Average","X2007.12",29.33,"2007","12","29.33",29.33
"47","5-Year Average","X2007.12",NA,"2007","12","",NA
"48","10-Year Average","X2007.12",NA,"2007","12","",NA
"49","Operating Cash Flow Growth % YOY","X2007.12",NA,"2007","12","",NA
"50","Free Cash Flow Growth % YOY","X2007.12",NA,"2007","12","",NA
"51","Cap Ex as a % of Sales","X2007.12",0.0061,"2007","12","0.61",0.61
"52","Free Cash Flow/Sales %","X2007.12",-0.0347,"2007","12","-3.47",-3.47
"53","Free Cash Flow/Net Income","X2007.12",-0.33,"2007","12","-0.33",-0.33
"54","Cash & Short-Term Investments","X2007.12",3.58,"2007","12","3.58",3.58
"55","Accounts Receivable","X2007.12",NA,"2007","12","",NA
"56","Inventory","X2007.12",NA,"2007","12","",NA
"57","Other Current Assets","X2007.12",NA,"2007","12","",NA
"58","Total Current Assets","X2007.12",NA,"2007","12","",NA
"59","Net PP&E","X2007.12",0.51,"2007","12","0.51",0.51
"60","Intangibles","X2007.12",1.19,"2007","12","1.19",1.19
"61","Other Long-Term Assets","X2007.12",NA,"2007","12","",NA
"62","Total Assets","X2007.12",100,"2007","12","100.00",100
"63","Accounts Payable","X2007.12",NA,"2007","12","",NA
"64","Short-Term Debt","X2007.12",NA,"2007","12","",NA
"65","Taxes Payable","X2007.12",NA,"2007","12","",NA
"66","Accrued Liabilities","X2007.12",NA,"2007","12","",NA
"67","Other Short-Term Liabilities","X2007.12",NA,"2007","12","",NA
"68","Total Current Liabilities","X2007.12",NA,"2007","12","",NA
"69","Long-Term Debt","X2007.12",4.53,"2007","12","4.53",4.53
"70","Other Long-Term Liabilities","X2007.12",NA,"2007","12","",NA
"71","Total Liabilities","X2007.12",92.8,"2007","12","92.80",92.8
"72","Total Stockholders' Equity","X2007.12",7.2,"2007","12","7.20",7.2
"73","Total Liabilities & Equity","X2007.12",100,"2007","12","100.00",100
"74","Current Ratio","X2007.12",NA,"2007","12","",NA
"75","Quick Ratio","X2007.12",NA,"2007","12","",NA
"76","Financial Leverage","X2007.12",14.28,"2007","12","14.28",14.28
"77","Debt/Equity","X2007.12",0.64,"2007","12","0.64",0.64
"78","Days Sales Outstanding","X2007.12",NA,"2007","12","",NA
"79","Days Inventory","X2007.12",NA,"2007","12","",NA
"80","Payables Period","X2007.12",NA,"2007","12","",NA
"81","Cash Conversion Cycle","X2007.12",NA,"2007","12","",NA
"82","Receivables Turnover","X2007.12",NA,"2007","12","",NA
"83","Inventory Turnover","X2007.12",NA,"2007","12","",NA
"84","Fixed Assets Turnover","X2007.12",28.46,"2007","12","28.46",28.46
"85","Asset Turnover","X2007.12",0.14,"2007","12","0.14",0.14
"86","Revenue USD Mil","X2008.12",32349000000,"2008","12","32,349",32349
"87","Gross Margin %","X2008.12",NA,"2008","12","",NA
"88","Operating Income USD Mil","X2008.12",2664000000,"2008","12","2,664",2664
"89","Operating Margin %","X2008.12",0.082,"2008","12","8.2",8.2
"90","Net Income USD Mil","X2008.12",3116000000,"2008","12","3,116",3116
"91","Earnings Per Share USD","X2008.12",2.16,"2008","12","2.16",2.16
"92","Dividends USD","X2008.12",1.22,"2008","12","1.22",1.22
"93","Payout Ratio % *","X2008.12",0.565,"2008","12","56.5",56.5
"94","Shares Mil","X2008.12",1390000000,"2008","12","1,390",1390
"95","Book Value Per Share * USD","X2008.12",16.73,"2008","12","16.73",16.73
"96","Operating Cash Flow USD Mil","X2008.12",7050000000,"2008","12","7,050",7050
"97","Cap Spending USD Mil","X2008.12",-444000000,"2008","12","-444",-444
"98","Free Cash Flow USD Mil","X2008.12",6606000000,"2008","12","6,606",6606
"99","Free Cash Flow Per Share * USD","X2008.12",4.75,"2008","12","4.75",4.75
"100","Working Capital USD Mil","X2008.12",NA,"2008","12","",NA
"101","Revenue","X2008.12",100,"2008","12","100.00",100
"102","COGS","X2008.12",NA,"2008","12","",NA
"103","Gross Margin","X2008.12",NA,"2008","12","",NA
"104","SG&A","X2008.12",20.8,"2008","12","20.80",20.8
"105","R&D","X2008.12",NA,"2008","12","",NA
"106","Other","X2008.12",70.96,"2008","12","70.96",70.96
"107","Operating Margin","X2008.12",8.24,"2008","12","8.24",8.24
"108","Net Int Inc & Other","X2008.12",NA,"2008","12","",NA
"109","EBT Margin","X2008.12",8.23,"2008","12","8.23",8.23
"110","Tax Rate %","X2008.12",NA,"2008","12","",NA
"111","Net Margin %","X2008.12",0.0939,"2008","12","9.39",9.39
"112","Asset Turnover (Average)","X2008.12",0.09,"2008","12","0.09",0.09
"113","Return on Assets %","X2008.12",0.0085,"2008","12","0.85",0.85
"114","Financial Leverage (Average)","X2008.12",14.32,"2008","12","14.32",14.32
"115","Return on Equity %","X2008.12",0.1212,"2008","12","12.12",12.12
"116","Return on Invested Capital %","X2008.12",NA,"2008","12","",NA
"117","Interest Coverage","X2008.12",NA,"2008","12","",NA
"118","Year over Year","X2008.12",-41.36,"2008","12","-41.36",-41.36
"119","3-Year Average","X2008.12",-21.62,"2008","12","-21.62",-21.62
"120","5-Year Average","X2008.12",-8.92,"2008","12","-8.92",-8.92
"121","10-Year Average","X2008.12",NA,"2008","12","",NA
"122","Year over Year","X2008.12",-64.46,"2008","12","-64.46",-64.46
"123","3-Year Average","X2008.12",-21.3,"2008","12","-21.30",-21.3
"124","5-Year Average","X2008.12",-6.59,"2008","12","-6.59",-6.59
"125","10-Year Average","X2008.12",NA,"2008","12","",NA
"126","Year over Year","X2008.12",-45.41,"2008","12","-45.41",-45.41
"127","3-Year Average","X2008.12",-2.19,"2008","12","-2.19",-2.19
"128","5-Year Average","X2008.12",8.01,"2008","12","8.01",8.01
"129","10-Year Average","X2008.12",NA,"2008","12","",NA
"130","Year over Year","X2008.12",-44.08,"2008","12","-44.08",-44.08
"131","3-Year Average","X2008.12",-0.26,"2008","12","-0.26",-0.26
"132","5-Year Average","X2008.12",7.87,"2008","12","7.87",7.87
"133","10-Year Average","X2008.12",NA,"2008","12","",NA
"134","Operating Cash Flow Growth % YOY","X2008.12",NA,"2008","12","",NA
"135","Free Cash Flow Growth % YOY","X2008.12",NA,"2008","12","",NA
"136","Cap Ex as a % of Sales","X2008.12",0.0137,"2008","12","1.37",1.37
"137","Free Cash Flow/Sales %","X2008.12",0.2042,"2008","12","20.42",20.42
"138","Free Cash Flow/Net Income","X2008.12",2.12,"2008","12","2.12",2.12
"139","Cash & Short-Term Investments","X2008.12",3.65,"2008","12","3.65",3.65
"140","Accounts Receivable","X2008.12",NA,"2008","12","",NA
"141","Inventory","X2008.12",NA,"2008","12","",NA
"142","Other Current Assets","X2008.12",NA,"2008","12","",NA
"143","Total Current Assets","X2008.12",NA,"2008","12","",NA
"144","Net PP&E","X2008.12",0.58,"2008","12","0.58",0.58
"145","Intangibles","X2008.12",2.53,"2008","12","2.53",2.53
"146","Other Long-Term Assets","X2008.12",NA,"2008","12","",NA
"147","Total Assets","X2008.12",100,"2008","12","100.00",100
"148","Accounts Payable","X2008.12",NA,"2008","12","",NA
"149","Short-Term Debt","X2008.12",NA,"2008","12","",NA
"150","Taxes Payable","X2008.12",NA,"2008","12","",NA
"151","Accrued Liabilities","X2008.12",NA,"2008","12","",NA
"152","Other Short-Term Liabilities","X2008.12",NA,"2008","12","",NA
"153","Total Current Liabilities","X2008.12",NA,"2008","12","",NA
"154","Long-Term Debt","X2008.12",4.81,"2008","12","4.81",4.81
"155","Other Long-Term Liabilities","X2008.12",NA,"2008","12","",NA
"156","Total Liabilities","X2008.12",92.88,"2008","12","92.88",92.88
"157","Total Stockholders' Equity","X2008.12",7.12,"2008","12","7.12",7.12
"158","Total Liabilities & Equity","X2008.12",100,"2008","12","100.00",100
"159","Current Ratio","X2008.12",NA,"2008","12","",NA
"160","Quick Ratio","X2008.12",NA,"2008","12","",NA
"161","Financial Leverage","X2008.12",14.32,"2008","12","14.32",14.32
"162","Debt/Equity","X2008.12",0.69,"2008","12","0.69",0.69
"163","Days Sales Outstanding","X2008.12",NA,"2008","12","",NA
"164","Days Inventory","X2008.12",NA,"2008","12","",NA
"165","Payables Period","X2008.12",NA,"2008","12","",NA
"166","Cash Conversion Cycle","X2008.12",NA,"2008","12","",NA
"167","Receivables Turnover","X2008.12",NA,"2008","12","",NA
"168","Inventory Turnover","X2008.12",NA,"2008","12","",NA
"169","Fixed Assets Turnover","X2008.12",16.76,"2008","12","16.76",16.76
"170","Asset Turnover","X2008.12",0.09,"2008","12","0.09",0.09
"171","Revenue USD Mil","X2009.12",70118000000,"2009","12","70,118",70118
"172","Gross Margin %","X2009.12",NA,"2009","12","",NA
"173","Operating Income USD Mil","X2009.12",5536000000,"2009","12","5,536",5536
"174","Operating Margin %","X2009.12",0.079,"2009","12","7.9",7.9
"175","Net Income USD Mil","X2009.12",3983000000,"2009","12","3,983",3983
"176","Earnings Per Share USD","X2009.12",2.76,"2009","12","2.76",2.76
"177","Dividends USD","X2009.12",0.96,"2009","12","0.96",0.96
"178","Payout Ratio % *","X2009.12",0.429,"2009","12","42.9",42.9
"179","Shares Mil","X2009.12",1430000000,"2009","12","1,430",1430
"180","Book Value Per Share * USD","X2009.12",20.19,"2009","12","20.19",20.19
"181","Operating Cash Flow USD Mil","X2009.12",-2470000000,"2009","12","-2,470",-2470
"182","Cap Spending USD Mil","X2009.12",-359000000,"2009","12","-359",-359
"183","Free Cash Flow USD Mil","X2009.12",-2829000000,"2009","12","-2,829",-2829
"184","Free Cash Flow Per Share * USD","X2009.12",-1.98,"2009","12","-1.98",-1.98
"185","Working Capital USD Mil","X2009.12",NA,"2009","12","",NA
"186","Revenue","X2009.12",100,"2009","12","100.00",100
"187","COGS","X2009.12",NA,"2009","12","",NA
"188","Gross Margin","X2009.12",NA,"2009","12","",NA
"189","SG&A","X2009.12",10.12,"2009","12","10.12",10.12
"190","R&D","X2009.12",NA,"2009","12","",NA
"191","Other","X2009.12",81.98,"2009","12","81.98",81.98
"192","Operating Margin","X2009.12",7.9,"2009","12","7.90",7.9
"193","Net Int Inc & Other","X2009.12",NA,"2009","12","",NA
"194","EBT Margin","X2009.12",7.9,"2009","12","7.90",7.9
"195","Tax Rate %","X2009.12",0.2858,"2009","12","28.58",28.58
"196","Net Margin %","X2009.12",0.0458,"2009","12","4.58",4.58
"197","Asset Turnover (Average)","X2009.12",0.2,"2009","12","0.20",0.2
"198","Return on Assets %","X2009.12",0.0092,"2009","12","0.92",0.92
"199","Financial Leverage (Average)","X2009.12",12.67,"2009","12","12.67",12.67
"200","Return on Equity %","X2009.12",0.1236,"2009","12","12.36",12.36
"201","Return on Invested Capital %","X2009.12",NA,"2009","12","",NA
"202","Interest Coverage","X2009.12",NA,"2009","12","",NA
"203","Year over Year","X2009.12",117.23,"2009","12","117.23",117.23
"204","3-Year Average","X2009.12",2.63,"2009","12","2.63",2.63
"205","5-Year Average","X2009.12",3.32,"2009","12","3.32",3.32
"206","10-Year Average","X2009.12",5.78,"2009","12","5.78",5.78
"207","Year over Year","X2009.12",70.08,"2009","12","70.08",70.08
"208","3-Year Average","X2009.12",-12.37,"2009","12","-12.37",-12.37
"209","5-Year Average","X2009.12",3.66,"2009","12","3.66",3.66
"210","10-Year Average","X2009.12",-1.32,"2009","12","-1.32",-1.32
"211","Year over Year","X2009.12",3.85,"2009","12","3.85",3.85
"212","3-Year Average","X2009.12",-11.22,"2009","12","-11.22",-11.22
"213","5-Year Average","X2009.12",4.58,"2009","12","4.58",4.58
"214","10-Year Average","X2009.12",-0.09,"2009","12","-0.09",-0.09
"215","Year over Year","X2009.12",3.33,"2009","12","3.33",3.33
"216","3-Year Average","X2009.12",-10.23,"2009","12","-10.23",-10.23
"217","5-Year Average","X2009.12",4.56,"2009","12","4.56",4.56
"218","10-Year Average","X2009.12",-5.27,"2009","12","-5.27",-5.27
"219","Operating Cash Flow Growth % YOY","X2009.12",NA,"2009","12","",NA
"220","Free Cash Flow Growth % YOY","X2009.12",NA,"2009","12","",NA
"221","Cap Ex as a % of Sales","X2009.12",0.0051,"2009","12","0.51",0.51
"222","Free Cash Flow/Sales %","X2009.12",-0.0403,"2009","12","-4.03",-4.03
"223","Free Cash Flow/Net Income","X2009.12",-0.71,"2009","12","-0.71",-0.71
"224","Cash & Short-Term Investments","X2009.12",3.15,"2009","12","3.15",3.15
"225","Accounts Receivable","X2009.12",NA,"2009","12","",NA
"226","Inventory","X2009.12",NA,"2009","12","",NA
"227","Other Current Assets","X2009.12",NA,"2009","12","",NA
"228","Total Current Assets","X2009.12",NA,"2009","12","",NA
"229","Net PP&E","X2009.12",0.53,"2009","12","0.53",0.53
"230","Intangibles","X2009.12",2.53,"2009","12","2.53",2.53
"231","Other Long-Term Assets","X2009.12",NA,"2009","12","",NA
"232","Total Assets","X2009.12",100,"2009","12","100.00",100
"233","Accounts Payable","X2009.12",NA,"2009","12","",NA
"234","Short-Term Debt","X2009.12",NA,"2009","12","",NA
"235","Taxes Payable","X2009.12",NA,"2009","12","",NA
"236","Accrued Liabilities","X2009.12",NA,"2009","12","",NA
"237","Other Short-Term Liabilities","X2009.12",NA,"2009","12","",NA
"238","Total Current Liabilities","X2009.12",NA,"2009","12","",NA
"239","Long-Term Debt","X2009.12",4.71,"2009","12","4.71",4.71
"240","Other Long-Term Liabilities","X2009.12",NA,"2009","12","",NA
"241","Total Liabilities","X2009.12",91.96,"2009","12","91.96",91.96
"242","Total Stockholders' Equity","X2009.12",8.04,"2009","12","8.04",8.04
"243","Total Liabilities & Equity","X2009.12",100,"2009","12","100.00",100
"244","Current Ratio","X2009.12",NA,"2009","12","",NA
"245","Quick Ratio","X2009.12",NA,"2009","12","",NA
"246","Financial Leverage","X2009.12",12.67,"2009","12","12.67",12.67
"247","Debt/Equity","X2009.12",0.6,"2009","12","0.60",0.6
"248","Days Sales Outstanding","X2009.12",NA,"2009","12","",NA
"249","Days Inventory","X2009.12",NA,"2009","12","",NA
"250","Payables Period","X2009.12",NA,"2009","12","",NA
"251","Cash Conversion Cycle","X2009.12",NA,"2009","12","",NA
"252","Receivables Turnover","X2009.12",NA,"2009","12","",NA
"253","Inventory Turnover","X2009.12",NA,"2009","12","",NA
"254","Fixed Assets Turnover","X2009.12",36.68,"2009","12","36.68",36.68
"255","Asset Turnover","X2009.12",0.2,"2009","12","0.20",0.2
"256","Revenue USD Mil","X2010.12",67850000000,"2010","12","67,850",67850
"257","Gross Margin %","X2010.12",NA,"2010","12","",NA
"258","Operating Income USD Mil","X2010.12",4868000000,"2010","12","4,868",4868
"259","Operating Margin %","X2010.12",0.072,"2010","12","7.2",7.2
"260","Net Income USD Mil","X2010.12",3513000000,"2010","12","3,513",3513
"261","Earnings Per Share USD","X2010.12",2.34,"2010","12","2.34",2.34
"262","Dividends USD","X2010.12",1.23,"2010","12","1.23",1.23
"263","Payout Ratio % *","X2010.12",0.524,"2010","12","52.4",52.4
"264","Shares Mil","X2010.12",1460000000,"2010","12","1,460",1460
"265","Book Value Per Share * USD","X2010.12",21.7,"2010","12","21.70",21.7
"266","Operating Cash Flow USD Mil","X2010.12",2310000000,"2010","12","2,310",2310
"267","Cap Spending USD Mil","X2010.12",-182000000,"2010","12","-182",-182
"268","Free Cash Flow USD Mil","X2010.12",2128000000,"2010","12","2,128",2128
"269","Free Cash Flow Per Share * USD","X2010.12",1.46,"2010","12","1.46",1.46
"270","Working Capital USD Mil","X2010.12",NA,"2010","12","",NA
"271","Revenue","X2010.12",100,"2010","12","100.00",100
"272","COGS","X2010.12",NA,"2010","12","",NA
"273","Gross Margin","X2010.12",NA,"2010","12","",NA
"274","SG&A","X2010.12",11.76,"2010","12","11.76",11.76
"275","R&D","X2010.12",NA,"2010","12","",NA
"276","Other","X2010.12",81.07,"2010","12","81.07",81.07
"277","Operating Margin","X2010.12",7.17,"2010","12","7.17",7.17
"278","Net Int Inc & Other","X2010.12",NA,"2010","12","",NA
"279","EBT Margin","X2010.12",7.17,"2010","12","7.17",7.17
"280","Tax Rate %","X2010.12",0.2783,"2010","12","27.83",27.83
"281","Net Margin %","X2010.12",0.0506,"2010","12","5.06",5.06
"282","Asset Turnover (Average)","X2010.12",0.18,"2010","12","0.18",0.18
"283","Return on Assets %","X2010.12",0.0092,"2010","12","0.92",0.92
"284","Financial Leverage (Average)","X2010.12",11.92,"2010","12","11.92",11.92
"285","Return on Equity %","X2010.12",0.1133,"2010","12","11.33",11.33
"286","Return on Invested Capital %","X2010.12",NA,"2010","12","",NA
"287","Interest Coverage","X2010.12",NA,"2010","12","",NA
"288","Year over Year","X2010.12",-3.45,"2010","12","-3.45",-3.45
"289","3-Year Average","X2010.12",7.14,"2010","12","7.14",7.14
"290","5-Year Average","X2010.12",0.2,"2010","12","0.20",0.2
"291","10-Year Average","X2010.12",6.13,"2010","12","6.13",6.13
"292","Year over Year","X2010.12",7.44,"2010","12","7.44",7.44
"293","3-Year Average","X2010.12",-13.4,"2010","12","-13.40",-13.4
"294","5-Year Average","X2010.12",-2.29,"2010","12","-2.29",-2.29
"295","10-Year Average","X2010.12",4.39,"2010","12","4.39",4.39
"296","Year over Year","X2010.12",8.56,"2010","12","8.56",8.56
"297","3-Year Average","X2010.12",-14.94,"2010","12","-14.94",-14.94
"298","5-Year Average","X2010.12",1.08,"2010","12","1.08",1.08
"299","10-Year Average","X2010.12",4.2,"2010","12","4.20",4.2
"300","Year over Year","X2010.12",4.88,"2010","12","4.88",4.88
"301","3-Year Average","X2010.12",-15.38,"2010","12","-15.38",-15.38
"302","5-Year Average","X2010.12",1.46,"2010","12","1.46",1.46
"303","10-Year Average","X2010.12",-1.55,"2010","12","-1.55",-1.55
"304","Operating Cash Flow Growth % YOY","X2010.12",NA,"2010","12","",NA
"305","Free Cash Flow Growth % YOY","X2010.12",NA,"2010","12","",NA
"306","Cap Ex as a % of Sales","X2010.12",0.0027,"2010","12","0.27",0.27
"307","Free Cash Flow/Sales %","X2010.12",0.0314,"2010","12","3.14",3.14
"308","Free Cash Flow/Net Income","X2010.12",0.61,"2010","12","0.61",0.61
"309","Cash & Short-Term Investments","X2010.12",2.28,"2010","12","2.28",2.28
"310","Accounts Receivable","X2010.12",NA,"2010","12","",NA
"311","Inventory","X2010.12",NA,"2010","12","",NA
"312","Other Current Assets","X2010.12",NA,"2010","12","",NA
"313","Total Current Assets","X2010.12",NA,"2010","12","",NA
"314","Net PP&E","X2010.12",0.45,"2010","12","0.45",0.45
"315","Intangibles","X2010.12",2.15,"2010","12","2.15",2.15
"316","Other Long-Term Assets","X2010.12",NA,"2010","12","",NA
"317","Total Assets","X2010.12",100,"2010","12","100.00",100
"318","Accounts Payable","X2010.12",NA,"2010","12","",NA
"319","Short-Term Debt","X2010.12",NA,"2010","12","",NA
"320","Taxes Payable","X2010.12",NA,"2010","12","",NA
"321","Accrued Liabilities","X2010.12",NA,"2010","12","",NA
"322","Other Short-Term Liabilities","X2010.12",NA,"2010","12","",NA
"323","Total Current Liabilities","X2010.12",NA,"2010","12","",NA
"324","Long-Term Debt","X2010.12",4.03,"2010","12","4.03",4.03
"325","Other Long-Term Liabilities","X2010.12",NA,"2010","12","",NA
"326","Total Liabilities","X2010.12",91.49,"2010","12","91.49",91.49
"327","Total Stockholders' Equity","X2010.12",8.51,"2010","12","8.51",8.51
"328","Total Liabilities & Equity","X2010.12",100,"2010","12","100.00",100
"329","Current Ratio","X2010.12",NA,"2010","12","",NA
"330","Quick Ratio","X2010.12",NA,"2010","12","",NA
"331","Financial Leverage","X2010.12",11.92,"2010","12","11.92",11.92
"332","Debt/Equity","X2010.12",0.48,"2010","12","0.48",0.48
"333","Days Sales Outstanding","X2010.12",NA,"2010","12","",NA
"334","Days Inventory","X2010.12",NA,"2010","12","",NA
"335","Payables Period","X2010.12",NA,"2010","12","",NA
"336","Cash Conversion Cycle","X2010.12",NA,"2010","12","",NA
"337","Receivables Turnover","X2010.12",NA,"2010","12","",NA
"338","Inventory Turnover","X2010.12",NA,"2010","12","",NA
"339","Fixed Assets Turnover","X2010.12",37.37,"2010","12","37.37",37.37
"340","Asset Turnover","X2010.12",0.18,"2010","12","0.18",0.18
"341","Revenue USD Mil","X2011.12",52983000000,"2011","12","52,983",52983
"342","Gross Margin %","X2011.12",NA,"2011","12","",NA
"343","Operating Income USD Mil","X2011.12",4737000000,"2011","12","4,737",4737
"344","Operating Margin %","X2011.12",0.089,"2011","12","8.9",8.9
"345","Net Income USD Mil","X2011.12",3750000000,"2011","12","3,750",3750
"346","Earnings Per Share USD","X2011.12",2.55,"2011","12","2.55",2.55
"347","Dividends USD","X2011.12",1.83,"2011","12","1.83",1.83
"348","Payout Ratio % *","X2011.12",0.633,"2011","12","63.3",63.3
"349","Shares Mil","X2011.12",1469000000,"2011","12","1,469",1469
"350","Book Value Per Share * USD","X2011.12",21.83,"2011","12","21.83",21.83
"351","Operating Cash Flow USD Mil","X2011.12",3888000000,"2011","12","3,888",3888
"352","Cap Spending USD Mil","X2011.12",-199000000,"2011","12","-199",-199
"353","Free Cash Flow USD Mil","X2011.12",3689000000,"2011","12","3,689",3689
"354","Free Cash Flow Per Share * USD","X2011.12",3.52,"2011","12","3.52",3.52
"355","Working Capital USD Mil","X2011.12",NA,"2011","12","",NA
"356","Revenue","X2011.12",100,"2011","12","100.00",100
"357","COGS","X2011.12",NA,"2011","12","",NA
"358","Gross Margin","X2011.12",NA,"2011","12","",NA
"359","SG&A","X2011.12",15.61,"2011","12","15.61",15.61
"360","R&D","X2011.12",NA,"2011","12","",NA
"361","Other","X2011.12",75.45,"2011","12","75.45",75.45
"362","Operating Margin","X2011.12",8.94,"2011","12","8.94",8.94
"363","Net Int Inc & Other","X2011.12",NA,"2011","12","",NA
"364","EBT Margin","X2011.12",8.94,"2011","12","8.94",8.94
"365","Tax Rate %","X2011.12",0.2029,"2011","12","20.29",20.29
"366","Net Margin %","X2011.12",0.0711,"2011","12","7.11",7.11
"367","Asset Turnover (Average)","X2011.12",0.14,"2011","12","0.14",0.14
"368","Return on Assets %","X2011.12",0.0099,"2011","12","0.99",0.99
"369","Financial Leverage (Average)","X2011.12",12.2,"2011","12","12.20",12.2
"370","Return on Equity %","X2011.12",0.1193,"2011","12","11.93",11.93
"371","Return on Invested Capital %","X2011.12",NA,"2011","12","",NA
"372","Interest Coverage","X2011.12",9.12,"2011","12","9.12",9.12
"373","Year over Year","X2011.12",-21.91,"2011","12","-21.91",-21.91
"374","3-Year Average","X2011.12",17.88,"2011","12","17.88",17.88
"375","5-Year Average","X2011.12",-4.01,"2011","12","-4.01",-4.01
"376","10-Year Average","X2011.12",3.25,"2011","12","3.25",3.25
"377","Year over Year","X2011.12",9.76,"2011","12","9.76",9.76
"378","3-Year Average","X2011.12",26.11,"2011","12","26.11",26.11
"379","5-Year Average","X2011.12",-4.52,"2011","12","-4.52",-4.52
"380","10-Year Average","X2011.12",NA,"2011","12","",NA
"381","Year over Year","X2011.12",7.94,"2011","12","7.94",7.94
"382","3-Year Average","X2011.12",6.76,"2011","12","6.76",6.76
"383","5-Year Average","X2011.12",-3.89,"2011","12","-3.89",-3.89
"384","10-Year Average","X2011.12",NA,"2011","12","",NA
"385","Year over Year","X2011.12",9.26,"2011","12","9.26",9.26
"386","3-Year Average","X2011.12",5.79,"2011","12","5.79",5.79
"387","5-Year Average","X2011.12",-3.68,"2011","12","-3.68",-3.68
"388","10-Year Average","X2011.12",NA,"2011","12","",NA
"389","Operating Cash Flow Growth % YOY","X2011.12",NA,"2011","12","",NA
"390","Free Cash Flow Growth % YOY","X2011.12",NA,"2011","12","",NA
"391","Cap Ex as a % of Sales","X2011.12",0.0038,"2011","12","0.38",0.38
"392","Free Cash Flow/Sales %","X2011.12",0.0696,"2011","12","6.96",6.96
"393","Free Cash Flow/Net Income","X2011.12",0.98,"2011","12","0.98",0.98
"394","Cash & Short-Term Investments","X2011.12",2.27,"2011","12","2.27",2.27
"395","Accounts Receivable","X2011.12",NA,"2011","12","",NA
"396","Inventory","X2011.12",NA,"2011","12","",NA
"397","Other Current Assets","X2011.12",NA,"2011","12","",NA
"398","Total Current Assets","X2011.12",NA,"2011","12","",NA
"399","Net PP&E","X2011.12",0.41,"2011","12","0.41",0.41
"400","Intangibles","X2011.12",2.03,"2011","12","2.03",2.03
"401","Other Long-Term Assets","X2011.12",NA,"2011","12","",NA
"402","Total Assets","X2011.12",100,"2011","12","100.00",100
"403","Accounts Payable","X2011.12",NA,"2011","12","",NA
"404","Short-Term Debt","X2011.12",NA,"2011","12","",NA
"405","Taxes Payable","X2011.12",NA,"2011","12","",NA
"406","Accrued Liabilities","X2011.12",NA,"2011","12","",NA
"407","Other Short-Term Liabilities","X2011.12",NA,"2011","12","",NA
"408","Total Current Liabilities","X2011.12",NA,"2011","12","",NA
"409","Long-Term Debt","X2011.12",0.33,"2011","12","0.33",0.33
"410","Other Long-Term Liabilities","X2011.12",NA,"2011","12","",NA
"411","Total Liabilities","X2011.12",91.8,"2011","12","91.80",91.8
"412","Total Stockholders' Equity","X2011.12",8.2,"2011","12","8.20",8.2
"413","Total Liabilities & Equity","X2011.12",100,"2011","12","100.00",100
"414","Current Ratio","X2011.12",NA,"2011","12","",NA
"415","Quick Ratio","X2011.12",NA,"2011","12","",NA
"416","Financial Leverage","X2011.12",12.2,"2011","12","12.20",12.2
"417","Debt/Equity","X2011.12",0.04,"2011","12","0.04",0.04
"418","Days Sales Outstanding","X2011.12",NA,"2011","12","",NA
"419","Days Inventory","X2011.12",NA,"2011","12","",NA
"420","Payables Period","X2011.12",NA,"2011","12","",NA
"421","Cash Conversion Cycle","X2011.12",NA,"2011","12","",NA
"422","Receivables Turnover","X2011.12",NA,"2011","12","",NA
"423","Inventory Turnover","X2011.12",NA,"2011","12","",NA
"424","Fixed Assets Turnover","X2011.12",32.43,"2011","12","32.43",32.43
"425","Asset Turnover","X2011.12",0.14,"2011","12","0.14",0.14
"426","Revenue USD Mil","X2012.12",70412000000,"2012","12","70,412",70412
"427","Gross Margin %","X2012.12",NA,"2012","12","",NA
"428","Operating Income USD Mil","X2012.12",5473000000,"2012","12","5,473",5473
"429","Operating Margin %","X2012.12",0.078,"2012","12","7.8",7.8
"430","Net Income USD Mil","X2012.12",3887000000,"2012","12","3,887",3887
"431","Earnings Per Share USD","X2012.12",2.64,"2012","12","2.64",2.64
"432","Dividends USD","X2012.12",1.82,"2012","12","1.82",1.82
"433","Payout Ratio % *","X2012.12",0.693,"2012","12","69.3",69.3
"434","Shares Mil","X2012.12",1474000000,"2012","12","1,474",1474
"435","Book Value Per Share * USD","X2012.12",23.26,"2012","12","23.26",23.26
"436","Operating Cash Flow USD Mil","X2012.12",2563000000,"2012","12","2,563",2563
"437","Cap Spending USD Mil","X2012.12",NA,"2012","12","",NA
"438","Free Cash Flow USD Mil","X2012.12",2563000000,"2012","12","2,563",2563
"439","Free Cash Flow Per Share * USD","X2012.12",1.74,"2012","12","1.74",1.74
"440","Working Capital USD Mil","X2012.12",NA,"2012","12","",NA
"441","Revenue","X2012.12",100,"2012","12","100.00",100
"442","COGS","X2012.12",NA,"2012","12","",NA
"443","Gross Margin","X2012.12",NA,"2012","12","",NA
"444","SG&A","X2012.12",12.29,"2012","12","12.29",12.29
"445","R&D","X2012.12",NA,"2012","12","",NA
"446","Other","X2012.12",79.94,"2012","12","79.94",79.94
"447","Operating Margin","X2012.12",7.77,"2012","12","7.77",7.77
"448","Net Int Inc & Other","X2012.12",NA,"2012","12","",NA
"449","EBT Margin","X2012.12",7.77,"2012","12","7.77",7.77
"450","Tax Rate %","X2012.12",0.2739,"2012","12","27.39",27.39
"451","Net Margin %","X2012.12",0.0551,"2012","12","5.51",5.51
"452","Asset Turnover (Average)","X2012.12",0.18,"2012","12","0.18",0.18
"453","Return on Assets %","X2012.12",0.0098,"2012","12","0.98",0.98
"454","Financial Leverage (Average)","X2012.12",11.86,"2012","12","11.86",11.86
"455","Return on Equity %","X2012.12",0.1173,"2012","12","11.73",11.73
"456","Return on Invested Capital %","X2012.12",NA,"2012","12","",NA
"457","Interest Coverage","X2012.12",NA,"2012","12","",NA
"458","Year over Year","X2012.12",32.9,"2012","12","32.90",32.9
"459","3-Year Average","X2012.12",0.07,"2012","12","0.07",0.07
"460","5-Year Average","X2012.12",5,"2012","12","5.00",5
"461","10-Year Average","X2012.12",5.7,"2012","12","5.70",5.7
"462","Year over Year","X2012.12",2.25,"2012","12","2.25",2.25
"463","3-Year Average","X2012.12",6.43,"2012","12","6.43",6.43
"464","5-Year Average","X2012.12",-6.13,"2012","12","-6.13",-6.13
"465","10-Year Average","X2012.12",NA,"2012","12","",NA
"466","Year over Year","X2012.12",2.27,"2012","12","2.27",2.27
"467","3-Year Average","X2012.12",6.22,"2012","12","6.22",6.22
"468","5-Year Average","X2012.12",-7.44,"2012","12","-7.44",-7.44
"469","10-Year Average","X2012.12",NA,"2012","12","",NA
"470","Year over Year","X2012.12",2.73,"2012","12","2.73",2.73
"471","3-Year Average","X2012.12",5.59,"2012","12","5.59",5.59
"472","5-Year Average","X2012.12",-7.42,"2012","12","-7.42",-7.42
"473","10-Year Average","X2012.12",NA,"2012","12","",NA
"474","Operating Cash Flow Growth % YOY","X2012.12",NA,"2012","12","",NA
"475","Free Cash Flow Growth % YOY","X2012.12",NA,"2012","12","",NA
"476","Cap Ex as a % of Sales","X2012.12",NA,"2012","12","",NA
"477","Free Cash Flow/Sales %","X2012.12",0.0364,"2012","12","3.64",3.64
"478","Free Cash Flow/Net Income","X2012.12",0.66,"2012","12","0.66",0.66
"479","Cash & Short-Term Investments","X2012.12",2.22,"2012","12","2.22",2.22
"480","Accounts Receivable","X2012.12",NA,"2012","12","",NA
"481","Inventory","X2012.12",NA,"2012","12","",NA
"482","Other Current Assets","X2012.12",NA,"2012","12","",NA
"483","Total Current Assets","X2012.12",NA,"2012","12","",NA
"484","Net PP&E","X2012.12",0.37,"2012","12","0.37",0.37
"485","Intangibles","X2012.12",2.33,"2012","12","2.33",2.33
"486","Other Long-Term Assets","X2012.12",NA,"2012","12","",NA
"487","Total Assets","X2012.12",100,"2012","12","100.00",100
"488","Accounts Payable","X2012.12",NA,"2012","12","",NA
"489","Short-Term Debt","X2012.12",NA,"2012","12","",NA
"490","Taxes Payable","X2012.12",NA,"2012","12","",NA
"491","Accrued Liabilities","X2012.12",NA,"2012","12","",NA
"492","Other Short-Term Liabilities","X2012.12",NA,"2012","12","",NA
"493","Total Current Liabilities","X2012.12",NA,"2012","12","",NA
"494","Long-Term Debt","X2012.12",1.63,"2012","12","1.63",1.63
"495","Other Long-Term Liabilities","X2012.12",NA,"2012","12","",NA
"496","Total Liabilities","X2012.12",91.57,"2012","12","91.57",91.57
"497","Total Stockholders' Equity","X2012.12",8.43,"2012","12","8.43",8.43
"498","Total Liabilities & Equity","X2012.12",100,"2012","12","100.00",100
"499","Current Ratio","X2012.12",NA,"2012","12","",NA
"500","Quick Ratio","X2012.12",NA,"2012","12","",NA
"501","Financial Leverage","X2012.12",11.86,"2012","12","11.86",11.86
"502","Debt/Equity","X2012.12",0.19,"2012","12","0.19",0.19
"503","Days Sales Outstanding","X2012.12",NA,"2012","12","",NA
"504","Days Inventory","X2012.12",NA,"2012","12","",NA
"505","Payables Period","X2012.12",NA,"2012","12","",NA
"506","Cash Conversion Cycle","X2012.12",NA,"2012","12","",NA
"507","Receivables Turnover","X2012.12",NA,"2012","12","",NA
"508","Inventory Turnover","X2012.12",NA,"2012","12","",NA
"509","Fixed Assets Turnover","X2012.12",45.3,"2012","12","45.30",45.3
"510","Asset Turnover","X2012.12",0.18,"2012","12","0.18",0.18
"511","Revenue USD Mil","X2013.12",72045000000,"2013","12","72,045",72045
"512","Gross Margin %","X2013.12",NA,"2013","12","",NA
"513","Operating Income USD Mil","X2013.12",5959000000,"2013","12","5,959",5959
"514","Operating Margin %","X2013.12",0.083,"2013","12","8.3",8.3
"515","Net Income USD Mil","X2013.12",4028000000,"2013","12","4,028",4028
"516","Earnings Per Share USD","X2013.12",2.72,"2013","12","2.72",2.72
"517","Dividends USD","X2013.12",1.8,"2013","12","1.80",1.8
"518","Payout Ratio % *","X2013.12",0.678,"2013","12","67.8",67.8
"519","Shares Mil","X2013.12",1480000000,"2013","12","1,480",1480
"520","Book Value Per Share * USD","X2013.12",21.72,"2013","12","21.72",21.72
"521","Operating Cash Flow USD Mil","X2013.12",1443000000,"2013","12","1,443",1443
"522","Cap Spending USD Mil","X2013.12",-282000000,"2013","12","-282",-282
"523","Free Cash Flow USD Mil","X2013.12",1161000000,"2013","12","1,161",1161
"524","Free Cash Flow Per Share * USD","X2013.12",1.7,"2013","12","1.70",1.7
"525","Working Capital USD Mil","X2013.12",NA,"2013","12","",NA
"526","Revenue","X2013.12",100,"2013","12","100.00",100
"527","COGS","X2013.12",NA,"2013","12","",NA
"528","Gross Margin","X2013.12",NA,"2013","12","",NA
"529","SG&A","X2013.12",12.22,"2013","12","12.22",12.22
"530","R&D","X2013.12",NA,"2013","12","",NA
"531","Other","X2013.12",79.51,"2013","12","79.51",79.51
"532","Operating Margin","X2013.12",8.27,"2013","12","8.27",8.27
"533","Net Int Inc & Other","X2013.12",NA,"2013","12","",NA
"534","EBT Margin","X2013.12",8.27,"2013","12","8.27",8.27
"535","Tax Rate %","X2013.12",0.2854,"2013","12","28.54",28.54
"536","Net Margin %","X2013.12",0.0559,"2013","12","5.59",5.59
"537","Asset Turnover (Average)","X2013.12",0.17,"2013","12","0.17",0.17
"538","Return on Assets %","X2013.12",0.0098,"2013","12","0.98",0.98
"539","Financial Leverage (Average)","X2013.12",12.77,"2013","12","12.77",12.77
"540","Return on Equity %","X2013.12",0.1202,"2013","12","12.02",12.02
"541","Return on Invested Capital %","X2013.12",NA,"2013","12","",NA
"542","Interest Coverage","X2013.12",NA,"2013","12","",NA
"543","Year over Year","X2013.12",2.32,"2013","12","2.32",2.32
"544","3-Year Average","X2013.12",2.02,"2013","12","2.02",2.02
"545","5-Year Average","X2013.12",17.37,"2013","12","17.37",17.37
"546","10-Year Average","X2013.12",3.39,"2013","12","3.39",3.39
"547","Year over Year","X2013.12",9.12,"2013","12","9.12",9.12
"548","3-Year Average","X2013.12",6.99,"2013","12","6.99",6.99
"549","5-Year Average","X2013.12",17.48,"2013","12","17.48",17.48
"550","10-Year Average","X2013.12",4.76,"2013","12","4.76",4.76
"551","Year over Year","X2013.12",3.87,"2013","12","3.87",3.87
"552","3-Year Average","X2013.12",4.67,"2013","12","4.67",4.67
"553","5-Year Average","X2013.12",5.27,"2013","12","5.27",5.27
"554","10-Year Average","X2013.12",6.63,"2013","12","6.63",6.63
"555","Year over Year","X2013.12",3.46,"2013","12","3.46",3.46
"556","3-Year Average","X2013.12",5.11,"2013","12","5.11",5.11
"557","5-Year Average","X2013.12",4.7,"2013","12","4.70",4.7
"558","10-Year Average","X2013.12",6.28,"2013","12","6.28",6.28
"559","Operating Cash Flow Growth % YOY","X2013.12",NA,"2013","12","",NA
"560","Free Cash Flow Growth % YOY","X2013.12",NA,"2013","12","",NA
"561","Cap Ex as a % of Sales","X2013.12",0.0039,"2013","12","0.39",0.39
"562","Free Cash Flow/Sales %","X2013.12",0.0161,"2013","12","1.61",1.61
"563","Free Cash Flow/Net Income","X2013.12",0.29,"2013","12","0.29",0.29
"564","Cash & Short-Term Investments","X2013.12",1.73,"2013","12","1.73",1.73
"565","Accounts Receivable","X2013.12",NA,"2013","12","",NA
"566","Inventory","X2013.12",NA,"2013","12","",NA
"567","Other Current Assets","X2013.12",NA,"2013","12","",NA
"568","Total Current Assets","X2013.12",NA,"2013","12","",NA
"569","Net PP&E","X2013.12",0.36,"2013","12","0.36",0.36
"570","Intangibles","X2013.12",2.14,"2013","12","2.14",2.14
"571","Other Long-Term Assets","X2013.12",NA,"2013","12","",NA
"572","Total Assets","X2013.12",100,"2013","12","100.00",100
"573","Accounts Payable","X2013.12",NA,"2013","12","",NA
"574","Short-Term Debt","X2013.12",NA,"2013","12","",NA
"575","Taxes Payable","X2013.12",NA,"2013","12","",NA
"576","Accrued Liabilities","X2013.12",NA,"2013","12","",NA
"577","Other Short-Term Liabilities","X2013.12",NA,"2013","12","",NA
"578","Total Current Liabilities","X2013.12",NA,"2013","12","",NA
"579","Long-Term Debt","X2013.12",1.46,"2013","12","1.46",1.46
"580","Other Long-Term Liabilities","X2013.12",NA,"2013","12","",NA
"581","Total Liabilities","X2013.12",92.17,"2013","12","92.17",92.17
"582","Total Stockholders' Equity","X2013.12",7.83,"2013","12","7.83",7.83
"583","Total Liabilities & Equity","X2013.12",100,"2013","12","100.00",100
"584","Current Ratio","X2013.12",NA,"2013","12","",NA
"585","Quick Ratio","X2013.12",NA,"2013","12","",NA
"586","Financial Leverage","X2013.12",12.77,"2013","12","12.77",12.77
"587","Debt/Equity","X2013.12",0.18,"2013","12","0.18",0.18
"588","Days Sales Outstanding","X2013.12",NA,"2013","12","",NA
"589","Days Inventory","X2013.12",NA,"2013","12","",NA
"590","Payables Period","X2013.12",NA,"2013","12","",NA
"591","Cash Conversion Cycle","X2013.12",NA,"2013","12","",NA
"592","Receivables Turnover","X2013.12",NA,"2013","12","",NA
"593","Inventory Turnover","X2013.12",NA,"2013","12","",NA
"594","Fixed Assets Turnover","X2013.12",47.65,"2013","12","47.65",47.65
"595","Asset Turnover","X2013.12",0.17,"2013","12","0.17",0.17
"596","Revenue USD Mil","X2014.12",72571000000,"2014","12","72,571",72571
"597","Gross Margin %","X2014.12",NA,"2014","12","",NA
"598","Operating Income USD Mil","X2014.12",5899000000,"2014","12","5,899",5899
"599","Operating Margin %","X2014.12",0.081,"2014","12","8.1",8.1
"600","Net Income USD Mil","X2014.12",3949000000,"2014","12","3,949",3949
"601","Earnings Per Share USD","X2014.12",2.64,"2014","12","2.64",2.64
"602","Dividends USD","X2014.12",1.92,"2014","12","1.92",1.92
"603","Payout Ratio % *","X2014.12",0.695,"2014","12","69.5",69.5
"604","Shares Mil","X2014.12",1494000000,"2014","12","1,494",1494
"605","Book Value Per Share * USD","X2014.12",22.99,"2014","12","22.99",22.99
"606","Operating Cash Flow USD Mil","X2014.12",5860000000,"2014","12","5,860",5860
"607","Cap Spending USD Mil","X2014.12",-1381000000,"2014","12","-1,381",-1381
"608","Free Cash Flow USD Mil","X2014.12",4479000000,"2014","12","4,479",4479
"609","Free Cash Flow Per Share * USD","X2014.12",2.98,"2014","12","2.98",2.98
"610","Working Capital USD Mil","X2014.12",NA,"2014","12","",NA
"611","Revenue","X2014.12",100,"2014","12","100.00",100
"612","COGS","X2014.12",NA,"2014","12","",NA
"613","Gross Margin","X2014.12",NA,"2014","12","",NA
"614","SG&A","X2014.12",12.21,"2014","12","12.21",12.21
"615","R&D","X2014.12",NA,"2014","12","",NA
"616","Other","X2014.12",79.67,"2014","12","79.67",79.67
"617","Operating Margin","X2014.12",8.13,"2014","12","8.13",8.13
"618","Net Int Inc & Other","X2014.12",NA,"2014","12","",NA
"619","EBT Margin","X2014.12",8.13,"2014","12","8.13",8.13
"620","Tax Rate %","X2014.12",0.2858,"2014","12","28.58",28.58
"621","Net Margin %","X2014.12",0.0537,"2014","12","5.37",5.37
"622","Asset Turnover (Average)","X2014.12",0.18,"2014","12","0.18",0.18
"623","Return on Assets %","X2014.12",0.0095,"2014","12","0.95",0.95
"624","Financial Leverage (Average)","X2014.12",11.7,"2014","12","11.70",11.7
"625","Return on Equity %","X2014.12",0.1159,"2014","12","11.59",11.59
"626","Return on Invested Capital %","X2014.12",NA,"2014","12","",NA
"627","Interest Coverage","X2014.12",NA,"2014","12","",NA
"628","Year over Year","X2014.12",0.72,"2014","12","0.72",0.72
"629","3-Year Average","X2014.12",11.06,"2014","12","11.06",11.06
"630","5-Year Average","X2014.12",0.65,"2014","12","0.65",0.65
"631","10-Year Average","X2014.12",1.98,"2014","12","1.98",1.98
"632","Year over Year","X2014.12",-1.96,"2014","12","-1.96",-1.96
"633","3-Year Average","X2014.12",3.03,"2014","12","3.03",3.03
"634","5-Year Average","X2014.12",5.22,"2014","12","5.22",5.22
"635","10-Year Average","X2014.12",4.44,"2014","12","4.44",4.44
"636","Year over Year","X2014.12",-3.3,"2014","12","-3.30",-3.3
"637","3-Year Average","X2014.12",0.9,"2014","12","0.90",0.9
"638","5-Year Average","X2014.12",3.78,"2014","12","3.78",3.78
"639","10-Year Average","X2014.12",4.18,"2014","12","4.18",4.18
"640","Year over Year","X2014.12",-4.19,"2014","12","-4.19",-4.19
"641","3-Year Average","X2014.12",0.61,"2014","12","0.61",0.61
"642","5-Year Average","X2014.12",3.14,"2014","12","3.14",3.14
"643","10-Year Average","X2014.12",3.85,"2014","12","3.85",3.85
"644","Operating Cash Flow Growth % YOY","X2014.12",NA,"2014","12","",NA
"645","Free Cash Flow Growth % YOY","X2014.12",NA,"2014","12","",NA
"646","Cap Ex as a % of Sales","X2014.12",0.019,"2014","12","1.90",1.9
"647","Free Cash Flow/Sales %","X2014.12",0.0617,"2014","12","6.17",6.17
"648","Free Cash Flow/Net Income","X2014.12",1.13,"2014","12","1.13",1.13
"649","Cash & Short-Term Investments","X2014.12",1.87,"2014","12","1.87",1.87
"650","Accounts Receivable","X2014.12",NA,"2014","12","",NA
"651","Inventory","X2014.12",NA,"2014","12","",NA
"652","Other Current Assets","X2014.12",NA,"2014","12","",NA
"653","Total Current Assets","X2014.12",NA,"2014","12","",NA
"654","Net PP&E","X2014.12",0.31,"2014","12","0.31",0.31
"655","Intangibles","X2014.12",2.07,"2014","12","2.07",2.07
"656","Other Long-Term Assets","X2014.12",NA,"2014","12","",NA
"657","Total Assets","X2014.12",100,"2014","12","100.00",100
"658","Accounts Payable","X2014.12",NA,"2014","12","",NA
"659","Short-Term Debt","X2014.12",NA,"2014","12","",NA
"660","Taxes Payable","X2014.12",NA,"2014","12","",NA
"661","Accrued Liabilities","X2014.12",NA,"2014","12","",NA
"662","Other Short-Term Liabilities","X2014.12",NA,"2014","12","",NA
"663","Total Current Liabilities","X2014.12",NA,"2014","12","",NA
"664","Long-Term Debt","X2014.12",1.32,"2014","12","1.32",1.32
"665","Other Long-Term Liabilities","X2014.12",NA,"2014","12","",NA
"666","Total Liabilities","X2014.12",91.46,"2014","12","91.46",91.46
"667","Total Stockholders' Equity","X2014.12",8.54,"2014","12","8.54",8.54
"668","Total Liabilities & Equity","X2014.12",100,"2014","12","100.00",100
"669","Current Ratio","X2014.12",NA,"2014","12","",NA
"670","Quick Ratio","X2014.12",NA,"2014","12","",NA
"671","Financial Leverage","X2014.12",11.7,"2014","12","11.70",11.7
"672","Debt/Equity","X2014.12",0.15,"2014","12","0.15",0.15
"673","Days Sales Outstanding","X2014.12",NA,"2014","12","",NA
"674","Days Inventory","X2014.12",NA,"2014","12","",NA
"675","Payables Period","X2014.12",NA,"2014","12","",NA
"676","Cash Conversion Cycle","X2014.12",NA,"2014","12","",NA
"677","Receivables Turnover","X2014.12",NA,"2014","12","",NA
"678","Inventory Turnover","X2014.12",NA,"2014","12","",NA
"679","Fixed Assets Turnover","X2014.12",52.45,"2014","12","52.45",52.45
"680","Asset Turnover","X2014.12",0.18,"2014","12","0.18",0.18
"681","Revenue USD Mil","X2015.12",60568000000,"2015","12","60,568",60568
"682","Gross Margin %","X2015.12",NA,"2015","12","",NA
"683","Operating Income USD Mil","X2015.12",3341000000,"2015","12","3,341",3341
"684","Operating Margin %","X2015.12",0.055,"2015","12","5.5",5.5
"685","Net Income USD Mil","X2015.12",1842000000,"2015","12","1,842",1842
"686","Earnings Per Share USD","X2015.12",1.23,"2015","12","1.23",1.23
"687","Dividends USD","X2015.12",NA,"2015","12","",NA
"688","Payout Ratio % *","X2015.12",NA,"2015","12","",NA
"689","Shares Mil","X2015.12",1493000000,"2015","12","1,493",1493
"690","Book Value Per Share * USD","X2015.12",18.59,"2015","12","18.59",18.59
"691","Operating Cash Flow USD Mil","X2015.12",5222000000,"2015","12","5,222",5222
"692","Cap Spending USD Mil","X2015.12",-678000000,"2015","12","-678",-678
"693","Free Cash Flow USD Mil","X2015.12",4544000000,"2015","12","4,544",4544
"694","Free Cash Flow Per Share * USD","X2015.12",2.57,"2015","12","2.57",2.57
"695","Working Capital USD Mil","X2015.12",NA,"2015","12","",NA
"696","Revenue","X2015.12",100,"2015","12","100.00",100
"697","COGS","X2015.12",NA,"2015","12","",NA
"698","Gross Margin","X2015.12",NA,"2015","12","",NA
"699","SG&A","X2015.12",14.3,"2015","12","14.30",14.3
"700","R&D","X2015.12",NA,"2015","12","",NA
"701","Other","X2015.12",80.19,"2015","12","80.19",80.19
"702","Operating Margin","X2015.12",5.52,"2015","12","5.52",5.52
"703","Net Int Inc & Other","X2015.12",NA,"2015","12","",NA
"704","EBT Margin","X2015.12",5.51,"2015","12","5.51",5.51
"705","Tax Rate %","X2015.12",0.3874,"2015","12","38.74",38.74
"706","Net Margin %","X2015.12",0.0304,"2015","12","3.04",3.04
"707","Asset Turnover (Average)","X2015.12",0.15,"2015","12","0.15",0.15
"708","Return on Assets %","X2015.12",0.0047,"2015","12","0.47",0.47
"709","Financial Leverage (Average)","X2015.12",12.25,"2015","12","12.25",12.25
"710","Return on Equity %","X2015.12",0.0559,"2015","12","5.59",5.59
"711","Return on Invested Capital %","X2015.12",NA,"2015","12","",NA
"712","Interest Coverage","X2015.12",NA,"2015","12","",NA
"713","Year over Year","X2015.12",-16.54,"2015","12","-16.54",-16.54
"714","3-Year Average","X2015.12",-4.9,"2015","12","-4.90",-4.9
"715","5-Year Average","X2015.12",-2.25,"2015","12","-2.25",-2.25
"716","10-Year Average","X2015.12",-1.03,"2015","12","-1.03",-1.03
"717","Year over Year","X2015.12",-42.83,"2015","12","-42.83",-42.83
"718","3-Year Average","X2015.12",-15.12,"2015","12","-15.12",-15.12
"719","5-Year Average","X2015.12",-7.25,"2015","12","-7.25",-7.25
"720","10-Year Average","X2015.12",-4.8,"2015","12","-4.80",-4.8
"721","Year over Year","X2015.12",-52.71,"2015","12","-52.71",-52.71
"722","3-Year Average","X2015.12",-21.98,"2015","12","-21.98",-21.98
"723","5-Year Average","X2015.12",-12.11,"2015","12","-12.11",-12.11
"724","10-Year Average","X2015.12",-5.75,"2015","12","-5.75",-5.75
"725","Year over Year","X2015.12",-52.72,"2015","12","-52.72",-52.72
"726","3-Year Average","X2015.12",-22.33,"2015","12","-22.33",-22.33
"727","5-Year Average","X2015.12",-12.06,"2015","12","-12.06",-12.06
"728","10-Year Average","X2015.12",-5.54,"2015","12","-5.54",-5.54
"729","Operating Cash Flow Growth % YOY","X2015.12",NA,"2015","12","",NA
"730","Free Cash Flow Growth % YOY","X2015.12",1.45,"2015","12","145.00",145
"731","Cap Ex as a % of Sales","X2015.12",0.0112,"2015","12","1.12",1.12
"732","Free Cash Flow/Sales %","X2015.12",0.075,"2015","12","7.50",7.5
"733","Free Cash Flow/Net Income","X2015.12",2.47,"2015","12","2.47",2.47
"734","Cash & Short-Term Investments","X2015.12",2.14,"2015","12","2.14",2.14
"735","Accounts Receivable","X2015.12",NA,"2015","12","",NA
"736","Inventory","X2015.12",NA,"2015","12","",NA
"737","Other Current Assets","X2015.12",NA,"2015","12","",NA
"738","Total Current Assets","X2015.12",NA,"2015","12","",NA
"739","Net PP&E","X2015.12",0.3,"2015","12","0.30",0.3
"740","Intangibles","X2015.12",1.59,"2015","12","1.59",1.59
"741","Other Long-Term Assets","X2015.12",NA,"2015","12","",NA
"742","Total Assets","X2015.12",100,"2015","12","100.00",100
"743","Accounts Payable","X2015.12",NA,"2015","12","",NA
"744","Short-Term Debt","X2015.12",NA,"2015","12","",NA
"745","Taxes Payable","X2015.12",NA,"2015","12","",NA
"746","Accrued Liabilities","X2015.12",NA,"2015","12","",NA
"747","Other Short-Term Liabilities","X2015.12",NA,"2015","12","",NA
"748","Total Current Liabilities","X2015.12",NA,"2015","12","",NA
"749","Long-Term Debt","X2015.12",1.17,"2015","12","1.17",1.17
"750","Other Long-Term Liabilities","X2015.12",NA,"2015","12","",NA
"751","Total Liabilities","X2015.12",91.84,"2015","12","91.84",91.84
"752","Total Stockholders' Equity","X2015.12",8.16,"2015","12","8.16",8.16
"753","Total Liabilities & Equity","X2015.12",100,"2015","12","100.00",100
"754","Current Ratio","X2015.12",NA,"2015","12","",NA
"755","Quick Ratio","X2015.12",NA,"2015","12","",NA
"756","Financial Leverage","X2015.12",12.25,"2015","12","12.25",12.25
"757","Debt/Equity","X2015.12",0.14,"2015","12","0.14",0.14
"758","Days Sales Outstanding","X2015.12",NA,"2015","12","",NA
"759","Days Inventory","X2015.12",NA,"2015","12","",NA
"760","Payables Period","X2015.12",NA,"2015","12","",NA
"761","Cash Conversion Cycle","X2015.12",NA,"2015","12","",NA
"762","Receivables Turnover","X2015.12",NA,"2015","12","",NA
"763","Inventory Turnover","X2015.12",NA,"2015","12","",NA
"764","Fixed Assets Turnover","X2015.12",50.2,"2015","12","50.20",50.2
"765","Asset Turnover","X2015.12",0.15,"2015","12","0.15",0.15
"766","Revenue USD Mil","X2016.12",67245000000,"2016","12","67,245",67245
"767","Gross Margin %","X2016.12",NA,"2016","12","",NA
"768","Operating Income USD Mil","X2016.12",5321000000,"2016","12","5,321",5321
"769","Operating Margin %","X2016.12",0.079,"2016","12","7.9",7.9
"770","Net Income USD Mil","X2016.12",3211000000,"2016","12","3,211",3211
"771","Earnings Per Share USD","X2016.12",2.14,"2016","12","2.14",2.14
"772","Dividends USD","X2016.12",1.77,"2016","12","1.77",1.77
"773","Payout Ratio % *","X2016.12",1.266,"2016","12","126.6",126.6
"774","Shares Mil","X2016.12",1503000000,"2016","12","1,503",1503
"775","Book Value Per Share * USD","X2016.12",21.73,"2016","12","21.73",21.73
"776","Operating Cash Flow USD Mil","X2016.12",1473000000,"2016","12","1,473",1473
"777","Cap Spending USD Mil","X2016.12",-715000000,"2016","12","-715",-715
"778","Free Cash Flow USD Mil","X2016.12",758000000,"2016","12","758",758
"779","Free Cash Flow Per Share * USD","X2016.12",1.05,"2016","12","1.05",1.05
"780","Working Capital USD Mil","X2016.12",NA,"2016","12","",NA
"781","Revenue","X2016.12",100,"2016","12","100.00",100
"782","COGS","X2016.12",NA,"2016","12","",NA
"783","Gross Margin","X2016.12",NA,"2016","12","",NA
"784","SG&A","X2016.12",11.12,"2016","12","11.12",11.12
"785","R&D","X2016.12",NA,"2016","12","",NA
"786","Other","X2016.12",80.97,"2016","12","80.97",80.97
"787","Operating Margin","X2016.12",7.91,"2016","12","7.91",7.91
"788","Net Int Inc & Other","X2016.12",NA,"2016","12","",NA
"789","EBT Margin","X2016.12",7.91,"2016","12","7.91",7.91
"790","Tax Rate %","X2016.12",0.3464,"2016","12","34.64",34.64
"791","Net Margin %","X2016.12",0.0478,"2016","12","4.78",4.78
"792","Asset Turnover (Average)","X2016.12",0.18,"2016","12","0.18",0.18
"793","Return on Assets %","X2016.12",0.0084,"2016","12","0.84",0.84
"794","Financial Leverage (Average)","X2016.12",12.48,"2016","12","12.48",12.48
"795","Return on Equity %","X2016.12",0.1039,"2016","12","10.39",10.39
"796","Return on Invested Capital %","X2016.12",NA,"2016","12","",NA
"797","Interest Coverage","X2016.12",NA,"2016","12","",NA
"798","Year over Year","X2016.12",11.02,"2016","12","11.02",11.02
"799","3-Year Average","X2016.12",-2.27,"2016","12","-2.27",-2.27
"800","5-Year Average","X2016.12",4.88,"2016","12","4.88",4.88
"801","10-Year Average","X2016.12",0.34,"2016","12","0.34",0.34
"802","Year over Year","X2016.12",59.26,"2016","12","59.26",59.26
"803","3-Year Average","X2016.12",-3.72,"2016","12","-3.72",-3.72
"804","5-Year Average","X2016.12",-0.08,"2016","12","-0.08",-0.08
"805","10-Year Average","X2016.12",-2.33,"2016","12","-2.33",-2.33
"806","Year over Year","X2016.12",74.32,"2016","12","74.32",74.32
"807","3-Year Average","X2016.12",-7.28,"2016","12","-7.28",-7.28
"808","5-Year Average","X2016.12",-3.27,"2016","12","-3.27",-3.27
"809","10-Year Average","X2016.12",-3.58,"2016","12","-3.58",-3.58
"810","Year over Year","X2016.12",73.24,"2016","12","73.24",73.24
"811","3-Year Average","X2016.12",-7.76,"2016","12","-7.76",-7.76
"812","5-Year Average","X2016.12",-3.56,"2016","12","-3.56",-3.56
"813","10-Year Average","X2016.12",-3.62,"2016","12","-3.62",-3.62
"814","Operating Cash Flow Growth % YOY","X2016.12",NA,"2016","12","",NA
"815","Free Cash Flow Growth % YOY","X2016.12",NA,"2016","12","",NA
"816","Cap Ex as a % of Sales","X2016.12",0.0106,"2016","12","1.06",1.06
"817","Free Cash Flow/Sales %","X2016.12",0.0113,"2016","12","1.13",1.13
"818","Free Cash Flow/Net Income","X2016.12",0.24,"2016","12","0.24",0.24
"819","Cash & Short-Term Investments","X2016.12",1.88,"2016","12","1.88",1.88
"820","Accounts Receivable","X2016.12",NA,"2016","12","",NA
"821","Inventory","X2016.12",NA,"2016","12","",NA
"822","Other Current Assets","X2016.12",NA,"2016","12","",NA
"823","Total Current Assets","X2016.12",NA,"2016","12","",NA
"824","Net PP&E","X2016.12",0.25,"2016","12","0.25",0.25
"825","Intangibles","X2016.12",1.72,"2016","12","1.72",1.72
"826","Other Long-Term Assets","X2016.12",NA,"2016","12","",NA
"827","Total Assets","X2016.12",100,"2016","12","100.00",100
"828","Accounts Payable","X2016.12",NA,"2016","12","",NA
"829","Short-Term Debt","X2016.12",NA,"2016","12","",NA
"830","Taxes Payable","X2016.12",NA,"2016","12","",NA
"831","Accrued Liabilities","X2016.12",NA,"2016","12","",NA
"832","Other Short-Term Liabilities","X2016.12",NA,"2016","12","",NA
"833","Total Current Liabilities","X2016.12",NA,"2016","12","",NA
"834","Long-Term Debt","X2016.12",1.09,"2016","12","1.09",1.09
"835","Other Long-Term Liabilities","X2016.12",NA,"2016","12","",NA
"836","Total Liabilities","X2016.12",91.99,"2016","12","91.99",91.99
"837","Total Stockholders' Equity","X2016.12",8.01,"2016","12","8.01",8.01
"838","Total Liabilities & Equity","X2016.12",100,"2016","12","100.00",100
"839","Current Ratio","X2016.12",NA,"2016","12","",NA
"840","Quick Ratio","X2016.12",NA,"2016","12","",NA
"841","Financial Leverage","X2016.12",12.48,"2016","12","12.48",12.48
"842","Debt/Equity","X2016.12",0.14,"2016","12","0.14",0.14
"843","Days Sales Outstanding","X2016.12",NA,"2016","12","",NA
"844","Days Inventory","X2016.12",NA,"2016","12","",NA
"845","Payables Period","X2016.12",NA,"2016","12","",NA
"846","Cash Conversion Cycle","X2016.12",NA,"2016","12","",NA
"847","Receivables Turnover","X2016.12",NA,"2016","12","",NA
"848","Inventory Turnover","X2016.12",NA,"2016","12","",NA
"849","Fixed Assets Turnover","X2016.12",64.26,"2016","12","64.26",64.26
"850","Asset Turnover","X2016.12",0.18,"2016","12","0.18",0.18
"851","Revenue USD Mil","TTM",67245000000,NA,NA,"67,245",67245
"852","Gross Margin %","TTM",NA,NA,NA,"",NA
"853","Operating Income USD Mil","TTM",5321000000,NA,NA,"5,321",5321
"854","Operating Margin %","TTM",0.079,NA,NA,"7.9",7.9
"855","Net Income USD Mil","TTM",3211000000,NA,NA,"3,211",3211
"856","Earnings Per Share USD","TTM",2.14,NA,NA,"2.14",2.14
"857","Dividends USD","TTM",1.77,NA,NA,"1.77",1.77
"858","Payout Ratio % *","TTM",0.83,NA,NA,"83.0",83
"859","Shares Mil","TTM",1503000000,NA,NA,"1,503",1503
"860","Book Value Per Share * USD","TTM",20.52,NA,NA,"20.52",20.52
"861","Operating Cash Flow USD Mil","TTM",1473000000,NA,NA,"1,473",1473
"862","Cap Spending USD Mil","TTM",-715000000,NA,NA,"-715",-715
"863","Free Cash Flow USD Mil","TTM",758000000,NA,NA,"758",758
"864","Free Cash Flow Per Share * USD","TTM",NA,NA,NA,"",NA
"865","Working Capital USD Mil","TTM",NA,NA,NA,"",NA
"866","Revenue","TTM",100,NA,NA,"100.00",100
"867","COGS","TTM",NA,NA,NA,"",NA
"868","Gross Margin","TTM",NA,NA,NA,"",NA
"869","SG&A","TTM",11.12,NA,NA,"11.12",11.12
"870","R&D","TTM",NA,NA,NA,"",NA
"871","Other","TTM",80.97,NA,NA,"80.97",80.97
"872","Operating Margin","TTM",7.91,NA,NA,"7.91",7.91
"873","Net Int Inc & Other","TTM",NA,NA,NA,"",NA
"874","EBT Margin","TTM",7.91,NA,NA,"7.91",7.91
"875","Tax Rate %","TTM",0.3464,NA,NA,"34.64",34.64
"876","Net Margin %","TTM",0.0478,NA,NA,"4.78",4.78
"877","Asset Turnover (Average)","TTM",0.18,NA,NA,"0.18",0.18
"878","Return on Assets %","TTM",0.0084,NA,NA,"0.84",0.84
"879","Financial Leverage (Average)","TTM",12.48,NA,NA,"12.48",12.48
"880","Return on Equity %","TTM",0.1039,NA,NA,"10.39",10.39
"881","Return on Invested Capital %","TTM",NA,NA,NA,"",NA
"882","Interest Coverage","TTM",NA,NA,NA,"",NA
"883","Year over Year","TTM",-19.29,NA,NA,"-19.29",-19.29
"884","3-Year Average","TTM",NA,NA,NA,"",NA
"885","5-Year Average","TTM",NA,NA,NA,"",NA
"886","10-Year Average","TTM",NA,NA,NA,"",NA
"887","Year over Year","TTM",-1539.29,NA,NA,"-1539.29",-1539.29
"888","3-Year Average","TTM",NA,NA,NA,"",NA
"889","5-Year Average","TTM",NA,NA,NA,"",NA
"890","10-Year Average","TTM",NA,NA,NA,"",NA
"891","Year over Year","TTM",NA,NA,NA,"",NA
"892","3-Year Average","TTM",NA,NA,NA,"",NA
"893","5-Year Average","TTM",NA,NA,NA,"",NA
"894","10-Year Average","TTM",NA,NA,NA,"",NA
"895","Year over Year","TTM",-259.09,NA,NA,"-259.09",-259.09
"896","3-Year Average","TTM",NA,NA,NA,"",NA
"897","5-Year Average","TTM",NA,NA,NA,"",NA
"898","10-Year Average","TTM",NA,NA,NA,"",NA
"899","Operating Cash Flow Growth % YOY","TTM",NA,NA,NA,"",NA
"900","Free Cash Flow Growth % YOY","TTM",NA,NA,NA,"",NA
"901","Cap Ex as a % of Sales","TTM",0.0106,NA,NA,"1.06",1.06
"902","Free Cash Flow/Sales %","TTM",0.0113,NA,NA,"1.13",1.13
"903","Free Cash Flow/Net Income","TTM",0.24,NA,NA,"0.24",0.24
"904","Cash & Short-Term Investments","TTM",1.88,NA,NA,"1.88",1.88
"905","Accounts Receivable","TTM",NA,NA,NA,"",NA
"906","Inventory","TTM",NA,NA,NA,"",NA
"907","Other Current Assets","TTM",NA,NA,NA,"",NA
"908","Total Current Assets","TTM",NA,NA,NA,"",NA
"909","Net PP&E","TTM",0.25,NA,NA,"0.25",0.25
"910","Intangibles","TTM",1.72,NA,NA,"1.72",1.72
"911","Other Long-Term Assets","TTM",NA,NA,NA,"",NA
"912","Total Assets","TTM",100,NA,NA,"100.00",100
"913","Accounts Payable","TTM",NA,NA,NA,"",NA
"914","Short-Term Debt","TTM",NA,NA,NA,"",NA
"915","Taxes Payable","TTM",NA,NA,NA,"",NA
"916","Accrued Liabilities","TTM",NA,NA,NA,"",NA
"917","Other Short-Term Liabilities","TTM",NA,NA,NA,"",NA
"918","Total Current Liabilities","TTM",NA,NA,NA,"",NA
"919","Long-Term Debt","TTM",1.09,NA,NA,"1.09",1.09
"920","Other Long-Term Liabilities","TTM",NA,NA,NA,"",NA
"921","Total Liabilities","TTM",91.99,NA,NA,"91.99",91.99
"922","Total Stockholders' Equity","TTM",8.01,NA,NA,"8.01",8.01
"923","Total Liabilities & Equity","TTM",100,NA,NA,"100.00",100
"924","Current Ratio","TTM",NA,NA,NA,"",NA
"925","Quick Ratio","TTM",NA,NA,NA,"",NA
"926","Financial Leverage","TTM",12.48,NA,NA,"12.48",12.48
"927","Debt/Equity","TTM",0.14,NA,NA,"0.14",0.14
"928","Days Sales Outstanding","TTM",NA,NA,NA,"",NA
"929","Days Inventory","TTM",NA,NA,NA,"",NA
"930","Payables Period","TTM",NA,NA,NA,"",NA
"931","Cash Conversion Cycle","TTM",NA,NA,NA,"",NA
"932","Receivables Turnover","TTM",NA,NA,NA,"",NA
"933","Inventory Turnover","TTM",NA,NA,NA,"",NA
"934","Fixed Assets Turnover","TTM",64.26,NA,NA,"64.26",64.26
"935","Asset Turnover","TTM",0.18,NA,NA,"0.18",0.18
